Participant,GSR Mean,GSR SD,GSR Range,Clip,Label,Label_Name
101,4.735926034557506,0.2861489792032253,1.4446895720319208,0,4,Baseline
101,3.9029568637408154,0.33574808470695366,1.524781271336638,1,1,"Low Arousal, High Valence"
101,4.585550397041815,0.4875073867179922,2.3662714734400336,2,2,"Low Arousal, Low Valence"
101,3.7622558574874594,0.34639550151343357,1.5015297965032417,3,0,"High Arousal, High Valence"
101,4.633174043239838,0.3034105755141476,1.5825277378159281,4,1,"Low Arousal, High Valence"
101,4.716624202000656,0.5187749747923044,2.4476789912190675,5,0,"High Arousal, High Valence"
101,4.466742354397599,0.40985109423094707,1.8981457778545345,6,3,"High Arousal, Low Valence"
101,3.9998434066247506,0.5564803658607789,2.6447276079632296,7,1,"Low Arousal, High Valence"
101,3.898125108168189,0.24371378274333277,0.9086059806481557,8,2,"Low Arousal, Low Valence"
101,4.840843014241734,0.37586659227291486,2.2547096408350917,9,2,"Low Arousal, Low Valence"
101,4.668915420994303,0.2744964937427317,1.4490877630869106,10,0,"High Arousal, High Valence"
101,4.2056464350392115,0.24323478707361296,1.2170988876937976,11,3,"High Arousal, Low Valence"
102,2.7016940177079105,0.1673481723813461,0.6194510501181156,0,4,Baseline
102,1.8082115746870298,0.10722161866639594,0.35446383322853947,1,1,"Low Arousal, High Valence"
102,3.602150667106799,0.1904283047437322,1.1500988706284838,2,2,"Low Arousal, Low Valence"
102,1.6011565484454475,0.06092551539194314,0.24517016716564877,3,0,"High Arousal, High Valence"
102,1.7004765210042354,0.07488902886601925,0.26188623247262566,4,1,"Low Arousal, High Valence"
102,1.6138989851047725,0.036161297186517144,0.13123607976628637,5,0,"High Arousal, High Valence"
102,3.0026646809124564,0.7494623360112764,2.1005091584086757,6,3,"High Arousal, Low Valence"
102,1.4182629949340029,0.04218233303171927,0.19148171440581208,7,1,"Low Arousal, High Valence"
102,1.8057941345326145,0.07137395552873121,0.2531975068228993,8,2,"Low Arousal, Low Valence"
102,2.514946467196516,0.08049084338860306,0.2859666810021695,9,2,"Low Arousal, Low Valence"
102,1.9048414613502263,0.13015846556189145,0.5673190209121504,10,0,"High Arousal, High Valence"
102,3.328581662788952,0.2428603220473428,0.8942427421116967,11,3,"High Arousal, Low Valence"
102,3.276914903322326,0.2795109451782255,1.0935694851771265,12,3,"High Arousal, Low Valence"
103,19.382000438464406,0.6769608661668391,3.339234488799125,0,4,Baseline
103,22.616111836786644,0.866559542013103,4.23391522409376,1,1,"Low Arousal, High Valence"
103,24.060584182981433,1.1168635026126947,5.254454494212542,2,2,"Low Arousal, Low Valence"
103,22.691081187249683,1.3873776190760179,5.894063450788465,3,0,"High Arousal, High Valence"
103,23.136721866644958,0.5293317898735189,3.442188307150669,4,1,"Low Arousal, High Valence"
103,23.64095807416404,0.9979102162396554,4.387914294937204,5,0,"High Arousal, High Valence"
103,28.068078266196775,0.7817186881930361,4.932794328040156,6,3,"High Arousal, Low Valence"
103,22.047280220683813,1.1077339437529432,5.501614577435824,7,1,"Low Arousal, High Valence"
103,23.36905306420472,0.7036505908696568,3.08359357305676,8,2,"Low Arousal, Low Valence"
103,24.853654682167733,0.9365144459571838,3.9067019811281654,9,2,"Low Arousal, Low Valence"
103,25.78013300954558,0.8841972710672237,4.059766544760496,10,0,"High Arousal, High Valence"
103,27.024789997349057,0.6552678295578342,2.858134046798039,11,3,"High Arousal, Low Valence"
103,25.042449543948447,1.4028404058044237,5.331338167008468,12,3,"High Arousal, Low Valence"
104,2.170532587671972,0.27747548509899084,0.9599865338437801,0,4,Baseline
104,3.560137963473523,0.14052811313320174,0.7005750262935106,1,1,"Low Arousal, High Valence"
104,4.9799547674333535,0.5249504229406294,3.10268735521344,2,2,"Low Arousal, Low Valence"
104,5.567287174720768,0.6684442871052498,3.18326797504593,3,0,"High Arousal, High Valence"
104,3.0794796582436366,0.1120172430009211,0.3894837932035382,4,1,"Low Arousal, High Valence"
104,4.072855255968862,0.5347297327929288,2.339243814241096,5,0,"High Arousal, High Valence"
104,5.407351525943327,0.9058601485687331,4.579753164986613,6,3,"High Arousal, Low Valence"
104,3.232508515374382,0.15996092275882348,0.6511930294006985,7,1,"Low Arousal, High Valence"
104,3.7514650539443117,0.20364438498134363,0.9154771912426791,8,2,"Low Arousal, Low Valence"
104,4.0172848318312075,0.33587314443146643,1.4241224464181506,9,2,"Low Arousal, Low Valence"
104,4.736593444713482,1.1726065759972877,4.950815576173056,10,0,"High Arousal, High Valence"
104,4.2932607691441085,1.0482417398030752,4.6713699498937205,11,3,"High Arousal, Low Valence"
104,4.197330827866083,0.4746543963384194,2.2834764854778182,12,3,"High Arousal, Low Valence"
105,6.897402576317262,0.41628082521881704,2.006382166508649,0,4,Baseline
105,9.118239274679674,0.7422133521298537,3.927168275987217,1,1,"Low Arousal, High Valence"
105,9.30714358142287,0.26763707956821525,1.5077747309926508,2,2,"Low Arousal, Low Valence"
105,7.601812470390375,0.9408079613435713,4.298510310347653,3,0,"High Arousal, High Valence"
105,9.480013600791091,0.7315771749568808,4.333975916927388,4,1,"Low Arousal, High Valence"
105,8.899772550232955,0.8223877382337847,3.921456253177981,5,0,"High Arousal, High Valence"
105,12.668688754587233,1.067067896726188,5.814564857144166,6,3,"High Arousal, Low Valence"
105,9.472050948692171,2.534736832869224,8.118137714188812,7,1,"Low Arousal, High Valence"
105,10.08513433273707,0.8622293047957992,4.86725056965105,8,2,"Low Arousal, Low Valence"
105,10.291718370046441,0.4082840871719021,1.5706002802996188,9,2,"Low Arousal, Low Valence"
105,10.502933600140562,1.1404520145714048,4.596088257526951,10,0,"High Arousal, High Valence"
105,10.218693141765618,1.9664383210696292,6.254745712072783,11,3,"High Arousal, Low Valence"
105,9.114746551294273,0.8041736316726493,2.879838015046241,12,3,"High Arousal, Low Valence"
106,2.9266540379598442,0.6919615880754988,2.4519253957332445,0,4,Baseline
106,2.4003242253392387,0.048237151728346875,0.22268584024940985,1,1,"Low Arousal, High Valence"
106,3.318729371854542,0.1728287885828522,0.925079951498406,2,2,"Low Arousal, Low Valence"
106,5.208759720307748,0.3860436756046153,1.8028638266320405,3,0,"High Arousal, High Valence"
106,1.8854175383255665,0.015017467417367116,0.06999256659120556,4,1,"Low Arousal, High Valence"
106,6.819657332880535,0.8188413656851936,3.6075878994935175,5,0,"High Arousal, High Valence"
106,2.408354139693796,0.29184678357667077,0.9035858847697371,6,3,"High Arousal, Low Valence"
106,2.183883819181423,0.19010981408568678,0.7537348104776402,7,1,"Low Arousal, High Valence"
106,2.355072070089876,0.048015765526202264,0.18687334157417368,8,2,"Low Arousal, Low Valence"
106,2.7267315588948633,0.12832164331196985,0.5678696160829695,9,2,"Low Arousal, Low Valence"
106,7.549122105309037,1.3578386347257279,6.826498544776971,10,0,"High Arousal, High Valence"
106,2.2859794141230596,0.10678108112689254,0.3615548340699717,11,3,"High Arousal, Low Valence"
106,2.1421207449650708,0.027625275179890545,0.1187678327624151,12,3,"High Arousal, Low Valence"
107,6.015028021485096,0.6210417648709993,2.1680949991314913,0,4,Baseline
107,7.769080200754997,0.36643156514163,1.8138957394576654,1,1,"Low Arousal, High Valence"
107,8.739705780521394,0.6302134427838183,3.0392329309935286,2,2,"Low Arousal, Low Valence"
107,6.178054858737502,0.12551566559048827,0.40609980885491925,3,0,"High Arousal, High Valence"
107,6.554705212976271,0.29326396681441125,1.2571271677553204,4,1,"Low Arousal, High Valence"
107,6.596172601894412,0.32659196823126035,1.2086715074034942,5,0,"High Arousal, High Valence"
107,10.082692815674116,1.1326084946820292,5.938847309160968,6,3,"High Arousal, Low Valence"
107,6.837236760926899,0.196511972488739,0.7491209276219424,7,1,"Low Arousal, High Valence"
107,7.6675926767833165,0.1509836748865786,0.6204409050430533,8,2,"Low Arousal, Low Valence"
107,7.873442496618998,0.5453599011462177,2.6092013117515105,9,2,"Low Arousal, Low Valence"
107,8.096595012246318,1.1223597224577757,4.04878252276121,10,0,"High Arousal, High Valence"
107,8.458697444534643,0.5433342985703407,2.2646521431087763,11,3,"High Arousal, Low Valence"
107,6.321207171527961,0.32892043496782786,1.186161880946612,12,3,"High Arousal, Low Valence"
108,6.027373391406684,0.4889194187935437,1.6655619312569687,0,4,Baseline
108,6.897674050527305,0.652293370259363,2.3149374603052824,1,1,"Low Arousal, High Valence"
108,6.7406258094814495,0.6003540883410499,2.5532738798282724,2,2,"Low Arousal, Low Valence"
108,8.030093279011814,0.6057897089626367,2.772321804870944,3,0,"High Arousal, High Valence"
108,8.200017632610091,0.9449842101169301,4.509891037053792,4,1,"Low Arousal, High Valence"
108,7.740221538518659,0.2522741523121989,0.9703948028429528,5,0,"High Arousal, High Valence"
108,7.3370243340650365,0.8066573955931278,2.9539445382242215,6,3,"High Arousal, Low Valence"
108,6.336053557121728,0.6487131623007688,2.2397390338912153,7,1,"Low Arousal, High Valence"
108,6.945239319911888,1.4818039426470957,5.088819515296949,8,2,"Low Arousal, Low Valence"
108,7.29026505803843,0.7601033545907333,3.2937796941372977,9,2,"Low Arousal, Low Valence"
108,8.605132659635169,0.710392307539195,3.385208226416978,10,0,"High Arousal, High Valence"
108,6.960479379219146,0.13984367064637326,0.7305116741655011,11,3,"High Arousal, Low Valence"
108,7.921356242257802,0.36401224224206596,1.5888380619418898,12,3,"High Arousal, Low Valence"
109,23.969816411568818,0.4415974662180973,2.465606965856317,0,4,Baseline
109,18.867042726292425,0.728114165488104,3.3942731294061765,1,1,"Low Arousal, High Valence"
109,20.681430335971463,1.002417599031544,5.5242501337196295,2,2,"Low Arousal, Low Valence"
109,22.952820128669725,1.2274674057157444,4.619087277444766,3,0,"High Arousal, High Valence"
109,17.597075826149165,0.4600908046045624,1.75159511612636,4,1,"Low Arousal, High Valence"
109,21.971576457104437,0.990125530341541,5.192940546225849,5,0,"High Arousal, High Valence"
109,27.52718245919958,1.6117259417957974,6.9526863485232155,6,3,"High Arousal, Low Valence"
109,18.272390514147475,0.7263836673750307,2.720430946206559,7,1,"Low Arousal, High Valence"
109,19.460184222554965,0.6750432997741675,3.780119033022384,8,2,"Low Arousal, Low Valence"
109,20.606508117255117,0.7087891791443498,3.102783323124889,9,2,"Low Arousal, Low Valence"
109,24.78251246067442,1.0316110324750711,4.570912406296419,10,0,"High Arousal, High Valence"
109,27.900434085220656,1.1095669479419443,4.554588977675227,11,3,"High Arousal, Low Valence"
109,25.80803530800532,1.0938453313783665,5.198465638868765,12,3,"High Arousal, Low Valence"
110,8.23305500210879,0.7763892009363125,2.8125901481227915,0,4,Baseline
110,8.98847832639486,0.8203025307872533,4.252435609069886,1,1,"Low Arousal, High Valence"
110,6.738985467145468,0.7861120404944271,4.174830676250562,2,2,"Low Arousal, Low Valence"
110,7.80742040922402,1.0588113974074282,4.6357396108370175,3,0,"High Arousal, High Valence"
110,9.671483573990768,0.8158498525262878,3.297023943613839,4,1,"Low Arousal, High Valence"
110,7.578306506967135,0.7928643698615857,3.671040708907454,5,0,"High Arousal, High Valence"
110,10.651355225276752,0.7004054158383044,3.924494665876569,6,3,"High Arousal, Low Valence"
110,9.715530043243158,1.2227755234486564,6.406400252088263,7,1,"Low Arousal, High Valence"
110,6.503047216865576,0.6406667853110588,3.7554648167361995,8,2,"Low Arousal, Low Valence"
110,6.768402511677229,0.41614038475012505,2.0018324336127353,9,2,"Low Arousal, Low Valence"
110,7.874754793786564,0.5952820090601154,2.861947595855902,10,0,"High Arousal, High Valence"
110,11.026732560211835,1.1627470815718968,5.335191332795834,11,3,"High Arousal, Low Valence"
110,8.384295723885153,0.7673175109975833,3.427535244722458,12,3,"High Arousal, Low Valence"
111,9.812156456388763,1.2497539074913553,4.143295696428208,0,4,Baseline
111,14.136830270708844,0.42602369051443506,2.159982941533997,1,1,"Low Arousal, High Valence"
111,12.1987930073425,0.686339458187416,2.4058356105717085,2,2,"Low Arousal, Low Valence"
111,14.645510833282355,0.47618627319123197,2.237598041399952,3,0,"High Arousal, High Valence"
111,13.032763134416347,0.249050549475798,1.3030310935769087,4,1,"Low Arousal, High Valence"
111,15.213583374232803,0.28603852190698603,1.2170350525615667,5,0,"High Arousal, High Valence"
111,15.865469697247752,1.5251563440566505,5.077849683178142,6,3,"High Arousal, Low Valence"
111,13.978656790507213,0.3761160939102147,2.2108822269619655,7,1,"Low Arousal, High Valence"
111,11.12898384797351,0.394438274191476,1.971384583006273,8,2,"Low Arousal, Low Valence"
111,13.399978773476619,0.6719171296178073,2.908457273567109,9,2,"Low Arousal, Low Valence"
111,15.650202965182627,0.8356186500874813,3.628185625852854,10,0,"High Arousal, High Valence"
111,12.156163763332337,0.6205748306300334,1.8016319410847572,11,3,"High Arousal, Low Valence"
111,12.340601895195844,0.25569429337884814,1.1683415598708908,12,3,"High Arousal, Low Valence"
112,21.98692073754759,0.7745023904572489,2.6159325769541972,0,4,Baseline
112,16.746666561625975,0.524350877385352,2.1010625189621166,1,1,"Low Arousal, High Valence"
112,21.703641386908888,0.9311349303244196,4.660319600344874,2,2,"Low Arousal, Low Valence"
112,17.557955870368257,0.8892702247391386,4.3012426174567615,3,0,"High Arousal, High Valence"
112,15.43016803222392,0.35922216975951604,1.476293281642313,4,1,"Low Arousal, High Valence"
112,18.23610558579815,0.6251728230676222,4.026305577184825,5,0,"High Arousal, High Valence"
112,28.523269710581783,1.3664486745733748,6.1394009992520715,6,3,"High Arousal, Low Valence"
112,14.646038234979661,0.21152983067836806,0.9360138493853629,7,1,"Low Arousal, High Valence"
112,22.661253203303172,1.55846904479307,7.797331885334273,8,2,"Low Arousal, Low Valence"
112,19.673670610855073,0.3142126301877594,1.705411906638858,9,2,"Low Arousal, Low Valence"
112,21.01964845497089,1.031764145209205,5.145182651005669,10,0,"High Arousal, High Valence"
112,28.07273921622069,1.1819306831978844,4.5370990267302425,11,3,"High Arousal, Low Valence"
112,27.391762899574076,1.3001796512519277,7.298905161619103,12,3,"High Arousal, Low Valence"
113,5.822778471698778,0.7837950021688666,3.8401533500930913,0,4,Baseline
113,6.592002388024471,0.7803899052351361,3.917746098662489,1,1,"Low Arousal, High Valence"
113,5.721727115636612,0.32925653499475405,1.1887843632196544,2,2,"Low Arousal, Low Valence"
113,5.800858161638036,0.14332642290785455,0.5842609545450435,3,0,"High Arousal, High Valence"
113,6.92510711505713,0.5800600097688738,3.0991544898210472,4,1,"Low Arousal, High Valence"
113,6.165593716815404,0.20452940427363983,0.9096145488760934,5,0,"High Arousal, High Valence"
113,7.5704308965592615,0.39021316797092426,2.404088054827386,6,3,"High Arousal, Low Valence"
113,6.163232409011047,1.12485141753605,6.74128129940647,7,1,"Low Arousal, High Valence"
113,6.323621690536229,0.4207366719096442,1.9330979746479553,8,2,"Low Arousal, Low Valence"
113,5.50346498990702,0.14931342831818983,0.5397461608323137,9,2,"Low Arousal, Low Valence"
113,8.35578308218117,1.0411668040634643,4.723416028194444,10,0,"High Arousal, High Valence"
113,9.195623383134997,1.0781480956905145,3.4868082887033003,11,3,"High Arousal, Low Valence"
113,5.8169179532209485,0.12988093579906998,0.4618765573458603,12,3,"High Arousal, Low Valence"
114,3.9325169763696852,0.1796874660941709,0.6598395353931021,0,4,Baseline
114,3.2988739578891835,0.04474910797714515,0.20482429278872738,1,1,"Low Arousal, High Valence"
114,4.2035761029856005,0.14328857099812725,0.5345473795253581,2,2,"Low Arousal, Low Valence"
114,4.711342187148291,0.2450024078698486,0.979221562567604,3,0,"High Arousal, High Valence"
114,3.568323819299198,0.05952864943666684,0.23641312082606047,4,1,"Low Arousal, High Valence"
114,4.757067193059154,0.15121417793395542,0.5643146118704605,5,0,"High Arousal, High Valence"
114,5.438088885106471,0.36912572892799245,2.2213570483392164,6,3,"High Arousal, Low Valence"
114,3.427018114261163,0.055393460013796886,0.2659482446545445,7,1,"Low Arousal, High Valence"
114,4.382759197127454,0.11236953978857103,0.5179175964869387,8,2,"Low Arousal, Low Valence"
114,4.085725815141436,0.07797145101995825,0.37608987178125863,9,2,"Low Arousal, Low Valence"
114,5.291581218203363,0.43359642486823563,1.6023684338158146,10,0,"High Arousal, High Valence"
114,4.947263113965197,0.6690471863118649,2.497781556063932,11,3,"High Arousal, Low Valence"
114,4.079313930466608,0.14699531964742016,0.5487116923456217,12,3,"High Arousal, Low Valence"
115,5.478671188591941,0.3680928783076966,1.3332644190406242,0,4,Baseline
115,4.735857430493286,0.10220851492653754,0.45893771056587784,1,1,"Low Arousal, High Valence"
115,4.992148207024332,0.21732908528551895,0.715123766716987,2,2,"Low Arousal, Low Valence"
115,4.599858887591766,0.12521084016091275,0.4186478210685518,3,0,"High Arousal, High Valence"
115,4.6033596024960906,0.07623158868426638,0.3805293408389838,4,1,"Low Arousal, High Valence"
115,4.735491145364043,0.0822979467017163,0.2965712303628756,5,0,"High Arousal, High Valence"
115,6.732395858439266,0.7318421840540735,3.069300868683455,6,3,"High Arousal, Low Valence"
115,4.872134636086898,0.13514482197758318,0.4995131968441333,7,1,"Low Arousal, High Valence"
115,4.986537713888777,0.2320451073965378,0.8339507128378747,8,2,"Low Arousal, Low Valence"
115,5.0297962447373665,0.1163102652364202,0.5749519484273424,9,2,"Low Arousal, Low Valence"
115,6.334831930059227,0.35953281156748473,1.9602333330692927,10,0,"High Arousal, High Valence"
115,5.4946353681546505,0.7806982444086709,3.0170939070030904,11,3,"High Arousal, Low Valence"
115,5.292838087688175,0.1327511585146451,0.5262672432169548,12,3,"High Arousal, Low Valence"
116,11.453448040307382,0.6077461193651094,3.397807581438153,0,4,Baseline
116,11.009179175308372,0.6123692149718802,2.764126021486799,1,1,"Low Arousal, High Valence"
116,8.220298883892623,0.7641842852881444,3.406348746086241,2,2,"Low Arousal, Low Valence"
116,9.347604729738253,0.44491038817991146,1.8540896921978245,3,0,"High Arousal, High Valence"
116,11.278048924653172,0.6238913104624362,2.4947309270392495,4,1,"Low Arousal, High Valence"
116,10.95738699157992,0.7042162335506076,2.6541011664602596,5,0,"High Arousal, High Valence"
116,10.278192501795258,0.44799084701825304,2.336660180802834,6,3,"High Arousal, Low Valence"
116,11.857987594663587,0.9186921393383826,3.6352669320714934,7,1,"Low Arousal, High Valence"
116,8.249295625786816,0.3261430513292168,1.629668796097615,8,2,"Low Arousal, Low Valence"
116,8.422219879507775,0.43949018505359855,2.008196994874207,9,2,"Low Arousal, Low Valence"
116,11.07060387872767,0.6200215276399742,3.130537803715198,10,0,"High Arousal, High Valence"
116,9.577624815761054,0.6104768574959264,2.962818213270328,11,3,"High Arousal, Low Valence"
116,9.22459078581497,0.5362947135642164,2.5233290649704188,12,3,"High Arousal, Low Valence"
117,9.26458739287659,0.4608307281191649,1.798735726906978,0,4,Baseline
117,8.362939981891786,0.2542710398461473,1.7673430640925911,1,1,"Low Arousal, High Valence"
117,10.692954724580616,0.501379600835593,1.656543791520983,2,2,"Low Arousal, Low Valence"
117,12.349266003888816,0.8044294530462192,4.369628209140394,3,0,"High Arousal, High Valence"
117,9.077323379355308,0.5186513854261858,3.350554209826676,4,1,"Low Arousal, High Valence"
117,13.397680111430798,1.4060772622982955,6.095696071096125,5,0,"High Arousal, High Valence"
117,13.307850429226036,1.1689667645994697,6.824367318212575,6,3,"High Arousal, Low Valence"
117,8.700289444829608,0.3301488215543283,1.5959671184262376,7,1,"Low Arousal, High Valence"
117,9.74182143296802,0.4288495996009002,1.675438783847646,8,2,"Low Arousal, Low Valence"
117,9.732886847031532,0.27507578957333595,1.4605770000457987,9,2,"Low Arousal, Low Valence"
117,11.999238009891652,1.1020332252346252,5.264951211057468,10,0,"High Arousal, High Valence"
117,10.348245181975416,1.032025802727466,3.7677809400160776,11,3,"High Arousal, Low Valence"
117,9.097224390148442,0.5097054620402547,2.4678281980664245,12,3,"High Arousal, Low Valence"
118,5.220280372192806,0.41646697717548553,1.55234396156688,0,4,Baseline
118,5.834819084353744,0.2359278633207227,0.9605040645963818,1,1,"Low Arousal, High Valence"
118,6.542063125897616,0.42856301302209127,1.9877563899855142,2,2,"Low Arousal, Low Valence"
118,5.962789164310624,0.28469223410290556,1.1933496978377613,3,0,"High Arousal, High Valence"
118,6.093406540849011,0.33519993670088727,1.418877500529053,4,1,"Low Arousal, High Valence"
118,5.564086330248041,0.08359057907074496,0.3470304529424322,5,0,"High Arousal, High Valence"
118,9.43751994810006,0.7708895984205937,2.9371040280666225,6,3,"High Arousal, Low Valence"
118,5.832296039532837,0.20544533090991335,0.8113435840021488,7,1,"Low Arousal, High Valence"
118,6.498454936965138,0.40688727497772725,1.7114793111955402,8,2,"Low Arousal, Low Valence"
118,5.6661749163953825,0.19990595908952044,0.9883567396031596,9,2,"Low Arousal, Low Valence"
118,6.967515228134767,0.6048910298607137,2.9567552351355424,10,0,"High Arousal, High Valence"
118,8.93054008025657,0.4815141143616503,1.9879133161037643,11,3,"High Arousal, Low Valence"
119,-1.4020789950034183e-05,0.11226876569418583,1.0415279053871649,0,4,Baseline
119,-9.72840606407021e-06,0.12015075928612524,1.1893220935289799,1,1,"Low Arousal, High Valence"
119,-1.3926073189787711e-05,0.1316170118898864,1.2843149313344036,2,2,"Low Arousal, Low Valence"
119,-4.655691517257108e-06,0.10848631726301551,0.9912082674716947,3,0,"High Arousal, High Valence"
119,5.772062617886863e-06,0.12165897303991205,1.2252129517247758,4,1,"Low Arousal, High Valence"
119,-3.558542006294841e-06,0.11025664101481654,1.0075108392422505,5,0,"High Arousal, High Valence"
119,-0.00010275076263339551,0.11222408353266994,1.0045858241556123,6,3,"High Arousal, Low Valence"
119,7.993840089765837e-06,0.12282520724455527,1.2446676873951956,7,1,"Low Arousal, High Valence"
119,-1.3079594495014763e-06,0.1146742357218686,1.0956567884796622,8,2,"Low Arousal, Low Valence"
119,-2.0755350816778107e-05,0.12115979193783541,1.2323737996968869,9,2,"Low Arousal, Low Valence"
119,1.4346603923512908e-05,0.11103242700883313,1.011972815892628,10,0,"High Arousal, High Valence"
119,7.824454367439814e-05,0.11315376570686829,1.0379618519955283,11,3,"High Arousal, Low Valence"
119,-1.3599261790218756e-06,0.11348349933912347,1.0209840711899993,12,3,"High Arousal, Low Valence"
120,9.346247939103604,0.18435138858973893,0.8193660455540233,0,4,Baseline
120,8.300912956394194,0.6020181270682835,3.5779010246473932,1,1,"Low Arousal, High Valence"
120,10.580927318214535,0.7514691865063919,3.2171027243096955,2,2,"Low Arousal, Low Valence"
120,9.955155471068009,0.5182004958219761,2.579166233653929,3,0,"High Arousal, High Valence"
120,8.281710661709866,0.5221346787166855,2.1938173100884066,4,1,"Low Arousal, High Valence"
120,10.46445586429884,1.118680031804381,6.177684233972984,5,0,"High Arousal, High Valence"
120,12.403349039636336,0.9246640650184831,4.239299654616472,6,3,"High Arousal, Low Valence"
120,8.518134290683186,0.5224588271411826,2.729815291459561,7,1,"Low Arousal, High Valence"
120,11.145183726579786,0.7422474694801956,4.01263471603051,8,2,"Low Arousal, Low Valence"
120,10.039585397395342,0.44639265152661994,1.7844149189222023,9,2,"Low Arousal, Low Valence"
120,9.703288422082588,0.6592102645443441,3.0802669608210778,10,0,"High Arousal, High Valence"
120,13.50982046098635,1.2676078166739966,6.4658662243112985,11,3,"High Arousal, Low Valence"
120,13.58121065659556,1.4653410917802852,6.4264534151705615,12,3,"High Arousal, Low Valence"
121,4.278637633818388,0.27657138246117635,1.0189559843466767,0,4,Baseline
121,5.0239639464741455,0.09937988756495966,0.363531516109143,1,1,"Low Arousal, High Valence"
121,4.4640013881496445,0.20344290366687282,0.7445334667099086,2,2,"Low Arousal, Low Valence"
121,7.586663644235035,0.2685794811911907,0.9597881487997713,3,0,"High Arousal, High Valence"
121,4.330966856961144,0.0999961022430803,0.4145924316749472,4,1,"Low Arousal, High Valence"
121,5.7982882527885335,0.10092923779132841,0.41476351602365735,5,0,"High Arousal, High Valence"
121,8.285324757822071,0.6772062267377701,2.33640833241805,6,3,"High Arousal, Low Valence"
121,4.289240006539673,0.06916637854679467,0.2274205504395148,7,1,"Low Arousal, High Valence"
121,4.055471330344559,0.0523873923294398,0.2300672594781159,8,2,"Low Arousal, Low Valence"
121,4.084654132114326,0.0572219733888277,0.22396960823943246,9,2,"Low Arousal, Low Valence"
121,6.05512703713757,0.8147767644948866,2.4435032324311097,10,0,"High Arousal, High Valence"
121,6.119589228151214,0.8825393198703385,3.22115808584267,11,3,"High Arousal, Low Valence"
121,6.644099294696393,0.18737422280066743,1.3717800445597321,12,3,"High Arousal, Low Valence"
122,9.285096586013932,0.6028158936082044,2.235640358045597,0,4,Baseline
122,8.398470961111231,0.13420442645796313,0.6770778734359997,1,1,"Low Arousal, High Valence"
122,8.955377883325761,0.32795710410804807,1.7119930658282634,2,2,"Low Arousal, Low Valence"
122,7.311976192399247,0.12192986114248565,0.4482017270718517,3,0,"High Arousal, High Valence"
122,8.291649984042909,0.2019438348859465,0.753246412140876,4,1,"Low Arousal, High Valence"
122,7.608721905064439,0.12391969773461853,0.4763495071271908,5,0,"High Arousal, High Valence"
122,12.815558327002107,1.2679516682847185,5.551303164029779,6,3,"High Arousal, Low Valence"
122,8.247495259155798,0.2641512660327945,1.4392708244219579,7,1,"Low Arousal, High Valence"
122,9.53720776243372,0.22165563679107728,1.1393397755371577,8,2,"Low Arousal, Low Valence"
122,8.804202755690078,0.14295616668988334,0.5603065507753993,9,2,"Low Arousal, Low Valence"
122,7.581223751142997,0.27847063418432894,1.1847370247051456,10,0,"High Arousal, High Valence"
122,11.668530975979559,0.7750819500492407,3.0989511114902903,11,3,"High Arousal, Low Valence"
122,10.06377832253772,0.2269661285254073,1.007050969596591,12,3,"High Arousal, Low Valence"
123,8.780059579895484,0.35006210378899316,1.3018732487508746,0,4,Baseline
123,8.097930015573501,0.6068872728686294,2.161119283660298,1,1,"Low Arousal, High Valence"
123,6.117055442733117,0.2615514057393018,1.1135851790220164,2,2,"Low Arousal, Low Valence"
123,6.906107518668577,0.32974138696553734,1.4576233191644121,3,0,"High Arousal, High Valence"
123,8.774773044782709,0.6153775263378678,2.330412408394844,4,1,"Low Arousal, High Valence"
123,6.856295038996652,0.15760987442607374,0.8183173921973745,5,0,"High Arousal, High Valence"
123,9.538346388902205,0.47633567033036794,2.5519800262247694,6,3,"High Arousal, Low Valence"
123,7.9120751135954555,0.536411623863863,2.583730220464246,7,1,"Low Arousal, High Valence"
123,6.41376315510515,0.3083369988828199,1.6030603762301352,8,2,"Low Arousal, Low Valence"
123,6.178724923626521,0.2010486370123346,0.8897789513816514,9,2,"Low Arousal, Low Valence"
123,7.088517427407933,0.13850849348369537,0.8337106298913355,10,0,"High Arousal, High Valence"
123,9.278038638898327,1.0341149564510141,3.5462868616243366,11,3,"High Arousal, Low Valence"
123,7.2055555592574905,0.20474857385457998,1.1217267943945988,12,3,"High Arousal, Low Valence"
124,17.2123272036127,0.5859918996760539,2.1898439373009673,0,4,Baseline
124,19.270646658605443,1.0955702141793444,5.014707237258349,1,1,"Low Arousal, High Valence"
124,18.47259973213831,1.0803777579966598,6.686325702741144,2,2,"Low Arousal, Low Valence"
124,19.08022746197813,0.44157799584443586,1.970795887262284,3,0,"High Arousal, High Valence"
124,17.95440201141658,0.9201087763741452,5.260177125371161,4,1,"Low Arousal, High Valence"
124,18.976189993312577,0.4413418239943619,2.5737026484236765,5,0,"High Arousal, High Valence"
124,18.41273745118446,1.2041367194672734,5.060027280553715,6,3,"High Arousal, Low Valence"
124,19.525836503356775,0.7472055859083473,4.214337737542223,7,1,"Low Arousal, High Valence"
124,17.004749167649212,0.36263632829749726,1.3693552847097337,8,2,"Low Arousal, Low Valence"
124,18.665056274204083,0.4755936249791487,2.2063660398434592,9,2,"Low Arousal, Low Valence"
124,21.107796546949494,1.0534213275168216,5.051015602021337,10,0,"High Arousal, High Valence"
124,18.92647955938889,1.7094270880727869,6.171797517914747,11,3,"High Arousal, Low Valence"
124,16.11481786738822,0.27635764268267177,1.1956151080700828,12,3,"High Arousal, Low Valence"
125,10.276964342256582,0.6329970315342279,2.190020676543437,0,4,Baseline
125,10.53798269801762,0.2500324890584407,1.2262366942931724,1,1,"Low Arousal, High Valence"
125,8.722924841667464,0.23062978285219823,0.8108870904414651,2,2,"Low Arousal, Low Valence"
125,10.681476155582631,0.21560502823931588,0.8164282603772381,3,0,"High Arousal, High Valence"
125,9.879922629604367,0.2968670963519224,1.2437284194078622,4,1,"Low Arousal, High Valence"
125,11.547784688451891,0.39512222656169255,1.439272944495201,5,0,"High Arousal, High Valence"
125,14.064773320619542,0.545501852643264,2.403781690177052,6,3,"High Arousal, Low Valence"
125,9.25163257510554,0.20293141745951387,0.8889458468651803,7,1,"Low Arousal, High Valence"
125,9.30378200816159,0.24264473735419517,1.1858534717849043,8,2,"Low Arousal, Low Valence"
125,8.529778551382458,0.20302756755644413,0.8181668800131234,9,2,"Low Arousal, Low Valence"
125,12.976267095926165,0.6301870842345064,3.4771894660430345,10,0,"High Arousal, High Valence"
125,13.188019755959747,0.5032546074377389,2.120539325963934,11,3,"High Arousal, Low Valence"
125,12.375801743729875,0.48956147444462544,1.8085068410687164,12,3,"High Arousal, Low Valence"
126,9.307700577832938,1.3056083438107886,4.509159120510353,0,4,Baseline
126,13.747144794502496,0.7705473014451691,4.389284305653311,1,1,"Low Arousal, High Valence"
126,12.922653376224725,1.257663731720484,5.551268565244671,2,2,"Low Arousal, Low Valence"
126,13.034840774179095,0.44701414790955124,1.716536466052812,3,0,"High Arousal, High Valence"
126,13.392296312654048,0.2230218869090519,1.1308210272558146,4,1,"Low Arousal, High Valence"
126,13.168690608696528,0.46929010156787493,2.173414051638554,5,0,"High Arousal, High Valence"
126,17.373423461093417,1.1758674121782888,4.848294938259139,6,3,"High Arousal, Low Valence"
126,13.38632555715408,0.2887315146311004,1.4460618741591276,7,1,"Low Arousal, High Valence"
126,12.8941779671002,0.7331397725597261,3.2695288566349934,8,2,"Low Arousal, Low Valence"
126,12.80679549591973,1.551478007325832,6.805560040456276,9,2,"Low Arousal, Low Valence"
126,14.093670907424382,0.6391820146340055,2.726812458291878,10,0,"High Arousal, High Valence"
126,16.782483732248956,1.5030807896182927,5.972832089654288,11,3,"High Arousal, Low Valence"
126,13.305065294031046,0.5006211905625949,2.643651861146605,12,3,"High Arousal, Low Valence"
127,10.064683242674317,0.29680748040560145,1.5223125873615064,0,4,Baseline
127,8.216013955867698,0.2508515532697919,1.1895016837922086,1,1,"Low Arousal, High Valence"
127,10.74714507679807,0.5044269644269709,2.362880370342868,2,2,"Low Arousal, Low Valence"
127,8.398997751050413,0.12156317107226094,0.402601744730239,3,0,"High Arousal, High Valence"
127,8.207252947702974,0.2072942194650831,0.8996210090747034,4,1,"Low Arousal, High Valence"
127,8.461585490854226,0.10699845692790053,0.4023913215233108,5,0,"High Arousal, High Valence"
127,11.133547852718376,0.8785743101249355,3.288726710758196,6,3,"High Arousal, Low Valence"
127,8.16468904518236,0.27112763207406665,1.2692568660315757,7,1,"Low Arousal, High Valence"
127,9.76662699009471,0.5147197016980452,2.1093060451111665,8,2,"Low Arousal, Low Valence"
127,10.127738603411318,0.35792538813670255,1.3872928934666717,9,2,"Low Arousal, Low Valence"
127,8.779216583370303,0.15223465878288445,0.6937239934479624,10,0,"High Arousal, High Valence"
127,8.821601648597348,0.11932262305970037,0.729437301731183,11,3,"High Arousal, Low Valence"
127,9.64694063258792,0.5133022049789441,1.8074368709577247,12,3,"High Arousal, Low Valence"
128,11.549217366896169,0.30642897797389335,1.4332038527852262,0,4,Baseline
128,13.332465278042864,0.6100523420495771,3.23466211525065,1,1,"Low Arousal, High Valence"
128,10.400006814812144,0.667473748858494,2.411135239667244,2,2,"Low Arousal, Low Valence"
128,12.247603256565293,0.5450643050173107,2.2622847228717244,3,0,"High Arousal, High Valence"
128,12.894500416981115,0.7290715492764402,3.299480880611055,4,1,"Low Arousal, High Valence"
128,11.936293567203295,0.4073220484435996,1.9372023869926949,5,0,"High Arousal, High Valence"
128,14.523380583121648,1.0029316310799727,4.2959976256925625,6,3,"High Arousal, Low Valence"
128,13.342577090319717,1.019283058309134,4.756355243486121,7,1,"Low Arousal, High Valence"
128,11.207218298929382,0.911769909869684,3.6210180397718528,8,2,"Low Arousal, Low Valence"
128,11.069155194877645,0.8014610238655474,3.836647897571945,9,2,"Low Arousal, Low Valence"
128,12.105861446976311,0.7459943677443963,3.2656293638225318,10,0,"High Arousal, High Valence"
128,14.663684522480704,0.5291647921550564,2.605291522775568,11,3,"High Arousal, Low Valence"
128,14.890626067912928,1.1826975157254478,4.324464616956218,12,3,"High Arousal, Low Valence"
129,6.631429661485136,1.241380916756684,4.222074142274505,0,4,Baseline
129,5.060997013372232,0.5535349005859675,2.895904195249536,1,1,"Low Arousal, High Valence"
129,2.4141280323038945,0.059144255699149176,0.21030731499831612,2,2,"Low Arousal, Low Valence"
129,3.233170440420164,0.11938248001185155,0.44977156503751514,3,0,"High Arousal, High Valence"
129,7.41070606204244,0.6911740502009626,2.9841350928338928,4,1,"Low Arousal, High Valence"
129,4.677222714645195,0.23799202767402614,1.4398972478046161,5,0,"High Arousal, High Valence"
129,14.390361749032225,2.0834989011201266,8.979860413618958,6,3,"High Arousal, Low Valence"
129,6.756916613944149,1.431029321450462,5.711530906072143,7,1,"Low Arousal, High Valence"
129,2.1880358561764033,0.02773955487700339,0.09341182816278426,8,2,"Low Arousal, Low Valence"
129,2.5707619432186077,0.029795655180181794,0.10531569800443386,9,2,"Low Arousal, Low Valence"
129,11.244497547978337,3.05927375844921,12.89363620099915,10,0,"High Arousal, High Valence"
129,13.07903742063168,3.96748117771527,11.883339870438125,11,3,"High Arousal, Low Valence"
129,14.492565312363432,1.1581829023441885,5.428931570040898,12,3,"High Arousal, Low Valence"
130,19.131031827417242,0.5844090336072303,3.19684789503593,0,4,Baseline
130,19.281645890071925,0.7714376395720505,4.3250328515129794,1,1,"Low Arousal, High Valence"
130,21.174971481671946,1.2554041146862944,5.506564957583354,2,2,"Low Arousal, Low Valence"
130,19.93634924069066,1.3418399322989125,5.998394805258574,3,0,"High Arousal, High Valence"
130,23.986701456417563,1.5609374673940821,6.9876937157369525,4,1,"Low Arousal, High Valence"
131,5.579745172521752,0.09392139299881747,0.3742586270073973,0,4,Baseline
131,5.858249974759948,0.07110954720796106,0.26344933438688756,1,1,"Low Arousal, High Valence"
131,7.699738249675845,0.49115506375231466,2.131520282027666,2,2,"Low Arousal, Low Valence"
131,6.93176449083491,0.27143986856066415,1.0081340905055898,3,0,"High Arousal, High Valence"
131,6.454376005834069,0.13675179867380968,0.6029767522297176,4,1,"Low Arousal, High Valence"
131,7.381595794779998,0.19615114429466451,0.9265758504391304,5,0,"High Arousal, High Valence"
131,7.645103460024865,0.22717764769688928,1.020563438259491,6,3,"High Arousal, Low Valence"
131,6.804745627276177,0.22340716636484556,1.077375858167592,7,1,"Low Arousal, High Valence"
131,6.88943451317261,0.21525690189318525,0.8175136791478756,8,2,"Low Arousal, Low Valence"
131,7.48967118145076,0.2951582914521865,1.3186976006760283,9,2,"Low Arousal, Low Valence"
131,7.566557260371837,0.26234698748236196,1.3191187959895778,10,0,"High Arousal, High Valence"
131,7.609989165454211,0.2952738293363864,1.2175765744172669,11,3,"High Arousal, Low Valence"
131,8.318482457729672,0.4915826385482267,2.322843711904185,12,3,"High Arousal, Low Valence"
132,9.68635644576191,0.2835535526937741,1.2401107025430225,0,4,Baseline
132,11.655597269453162,1.303779111084537,4.9024330248238766,1,1,"Low Arousal, High Valence"
132,7.893628714557611,1.2876438767649956,4.835389947791868,2,2,"Low Arousal, Low Valence"
132,9.381365715027504,0.46996608195272516,1.697314368260887,3,0,"High Arousal, High Valence"
132,10.777720852632138,1.3870787887686509,7.163435067242615,4,1,"Low Arousal, High Valence"
132,11.147731782667018,0.6800937019857761,2.867925681090558,5,0,"High Arousal, High Valence"
132,14.758753281161546,2.068610676294294,9.586542095523141,6,3,"High Arousal, Low Valence"
132,10.731670750717393,1.4939712041757243,7.91094719050265,7,1,"Low Arousal, High Valence"
132,7.7518555884514235,1.1865327126538001,4.426882968994769,8,2,"Low Arousal, Low Valence"
132,10.086221070389467,1.3559147864600443,5.870035935436629,9,2,"Low Arousal, Low Valence"
132,12.960309907862566,1.3593813671029678,7.958473833086012,10,0,"High Arousal, High Valence"
132,11.821750474919055,2.2889928178244996,8.298106680221833,11,3,"High Arousal, Low Valence"
132,10.151434762433736,0.5880130437908956,2.3551977798499752,12,3,"High Arousal, Low Valence"
133,12.945416580757287,0.41235763936648784,1.9869358080092319,0,4,Baseline
133,7.863476456089152,0.7682427199458739,4.213875195000993,1,1,"Low Arousal, High Valence"
133,11.726706449121657,0.9219722646385022,4.42987109000042,2,2,"Low Arousal, Low Valence"
133,8.002462287057485,0.16269500132890885,0.6828528650296724,3,0,"High Arousal, High Valence"
133,7.518465004966838,0.36065079008286216,1.3520545925966978,4,1,"Low Arousal, High Valence"
133,8.992634268827903,0.5680984233142568,2.5743601417901623,5,0,"High Arousal, High Valence"
133,14.646811701947453,0.960312063275927,4.430366862301714,6,3,"High Arousal, Low Valence"
133,8.32641554502571,0.7957327840098624,4.050276935417232,7,1,"Low Arousal, High Valence"
133,10.611841585808763,0.5265314833155108,2.543627207194362,8,2,"Low Arousal, Low Valence"
133,9.293842328503995,0.3187248006137689,1.249513362651122,9,2,"Low Arousal, Low Valence"
133,8.811344241040775,0.6980228879278338,3.115090115389595,10,0,"High Arousal, High Valence"
133,17.778926584643425,0.9290291762861226,4.861104290041629,11,3,"High Arousal, Low Valence"
133,15.832220216652836,0.9896880772885559,4.571600532335246,12,3,"High Arousal, Low Valence"
